ASLondon to ScotlandContinued on next page
CARLISLE
CARSTAIRS
MOTHERWELL
NEWTON
KILMARNOCK
EDINBURGH
High
STIRLING
DUNDEE
Dumfries
INVERKEITHING
LADYBANK
Polmont
ShottsHolytown
Larbert
Cumbernauld
Lenzie
Lockerbie
Wishaw
Stepps
Bellshill
Linlithgow
KIRKCALDY
Dunfermline
Grahamston
ABERDEEN
INVERNESS
Aviemore
Elgin
Invergowrie
PERTH
NEWCASTLE
GLASGOW
FALKIRK
PAISLEY 
GILMOUR 
STREET
Key to Maps
Routeing Point on Route
Routeing Point Group 
Station on Route 
Non Routeing Point Interchange 
on route
Other principle locations
ASLondon to ScotlandContinued from page before
St Pancras Kings Cross Liverpool StEustonMaryleboneHayes & 
Harlington
Banbury
Cambridge
Peterborough
Rugby
Birmingham
Finsbury Park
Hackney
Stevenage
Ely
Bedford
Leicester
Loughborough
Grantham
Derby
Nottingham
Retford
Newark
Sheffield
Chesterfield
Doncaster
Sleaford
Lincoln
York
Wakefield
Leeds
Darlington
Newcastle
Middlesbrough
Reading
Slough
Didcot
Oxford
Willesden Jn
Watford Jn
Bletchley
Rugeley TV
Lichfield
Tamworth
Nuneaton
Stafford
Crewe
Warrington
Wigan
Preston
Stoke 
on Trent
Stockport
Manchester
Bolton
Lancaster
Carlisle
Hellifield
Coventry
Keighley
Settle
Sunderland
Hartlepool
Barnsley
Woodhouse
Ardwick
Gainsborough
HykehamNewstead
Alfreton
Ancaster
Ruskington
Northampton
Chinley
West Ruislip
West 
Hampstead
Smethwick
Tottenham 
Hale
Blackburn
Walsall
Wolverhampton
Stansted
Wilmslow
Broxbourne
Paddington
MeadowhallSwinton
Leamington 
Spa
Hitchin
Key to Maps
Routeing Point on Route
Routeing Point Group 
Station on Route 
Non Routeing Point Interchange 
on route
Other principle locations
Highbury & 
Islington
BBBirmingham to Brighton via Reading
BIRMINGHAM
COVENTRY
BANBURY
OXFORD
READING
DIDCOT PARKWAY
SWINDON
CHIPPENHAM
BATH SPA
NUNEATON
BASINGSTOKE
EASTLEIGH
HAVANT
BRIGHTONFORD
PORTSMOUTH
SOUTHAMPTON
LEWES
SALISBURY
LICHFIELD TAMWORTH
DERBY
CHESTERFIELD
MEADOWHALL
SHEFFIELD
BARNSLEY
DONCASTER
SLOUGH
WOKINGHAM
ASH VALE
FARNBOROUGH
GUILDFORD
SWINTON
LEAMINGTON SPA
TYSELEY
STRATFORD 
UPON AVON
WARWICK
Key to Maps
Routeing Point on Route
Routeing Point Group 
Station on Route 
Non Routeing Point Interchange 
on route
Other principle locations
Perry 
Barr
BCBirmingham to North Wales and Chester via Shrewsbury
SHOTTON
CHESTER
WREXHAM
SHREWSBURY
BIRMINGHAM
SMETHWICK
WOLVERHAMPTON
WALSALL 
CREWE
HOOTON
Key to Maps
Routeing Point on Route
Routeing Point Group 
Station on Route 
Non Routeing Point Interchange 
on route
Other principle locations
BDSouth Wales and West to the North West
BRISTOL
CARDIFF
SWANSEA
NEWPORT
CHIPPENHAM
BATH
SWINDON
WESTBURY
SALISBURY
SOUTHAMPTON PORTSMOUTH
WEYMOUTH
CASTLE 
CARY
EXETER
PLYMOUTH
PRESTON
WIGAN
WARRINGTON
CREWE
SHREWSBURY
CRAVEN ARMS
HEREFORD
MANCHESTER
STOCKPORT
BOLTON
BLACKBURN
HELLIFIELD
MACHYNLLETH
STOKE ON TRENT
TAUNTON
Romsey Chandlers 
Ford
EASTLEIGH
EARLESTOWN
SHOTTON
WREXHAM
CHESTER
WILMSLOW
BRIDGEND
STALYBRIDGE
GUIDE BRIDGE
HAZEL GROVE
STAFFORD
PONTYPRIDD
Key to Maps
Routeing Point on Route
Routeing Point Group 
Station on Route 
Non Routeing Point Interchange 
on route
Other principle locations
BGBirmingham to Grimsby via Leicester
BIRMINGHAM
NUNEATON
LEICESTER
NEWARK
LINCOLN
NOTTINGHAM
LOUGHBOROUGH
DERBY
BARNETBY
SLEAFORDGRANTHAM
Key to Maps
Routeing Point on Route
Routeing Point Group 
Station on Route 
Non Routeing Point Interchange 
on route
Other principle locations
BHBirmingham to Hereford via Barnt 
Green
HEREFORD
BIRMINGHAM
BARNT 
GREEN
WORCESTER
Key to Maps
Routeing Point on Route
Routeing Point Group 
Station on Route 
Non Routeing Point Interchange 
on route
Other principle locations
Great Malvern
BLBirmingham to London via Swindon
BIRMINGHAM
BARNT GREEN
SWINDON
READING
SLOUGH
GLOUCESTER
LONDON 
PADDINGTON
DIDCOT PARKWAY
CHIPPENHAM
GREENFORD
BATH SPA
KENSINGTON 
OLYMPIA
CLAPHAM 
JUNCTION
HAYES & 
HARLINGTON
CHELTENHAM 
SPA
Stroud
Key to Maps
Routeing Point on Route
Routeing Point Group 
Station on Route 
Non Routeing Point Interchange 
on route
Other principle locations
BPBirmingham to Peterborough
BIRMINGHAM
RUGELEY
LEICESTER
MELTON MOWBRAY
OAKHAMNUNEATON
PETERBOROUGH
WALSALL
LOUGHBOROUGH
BARNT GREEN
SMETHWICK
KETTERING
Key to Maps
Routeing Point on Route
Routeing Point Group 
Station on Route 
Non Routeing Point Interchange 
on route
Other principle locations
BSBirmingham and the West Midlands to Scotland
NUNEATON
TAMWORTH
RUGELEY
LICHFIELD
STAFFORD
BIRMINGHAM
SMETHWICK
WOLVERHAMPTON
STOKE ON TRENT
STOCKPORT
CREWE
MANCHESTER
WARRINGTON
WIGAN
PRESTON
EARLESTOWN
SHREWSBURY
CARLISLE
LANCASTER
BOLTON
Perry 
Barr
Chorley
CARSTAIRS
EDINBURGHGLASGOW
NEWTON
MOTHERWELL
COVENTRY
KILMARNOCK
WALSALL
Workington
PAISLEY 
GILMOUR 
STREET
WILMSLOW
HUYTON
Key to Maps
Routeing Point on Route
Routeing Point Group 
Station on Route 
Non Routeing Point Interchange 
on route
Other principle locations
CANuneaton to the Cambrian Coast
MACHYNLLETH
WOLVERHAMPTON
SHREWSBURY
BIRMINGHAM NUNEATON
SMETHWICK
CRAVEN ARMS
WALSALL
Perry Barr
Key to Maps
Routeing Point on Route
Routeing Point Group 
Station on Route 
Non Routeing Point Interchange 
on route
Other principle locations
CCCoventry to Warrington, Liverpool and North Wales
CREWE
BIRMINGHAM
BARNT GREEN
SMETHWICK
STAFFORD
COVENTRY
WOLVERHAMPTON
STOKE ON TRENT
SHOTTON
CHESTER
LIVERPOOL
WARRINGTON
WREXHAM
WALSALL
Perry 
Barr
EARLESTOWN
HOOTON
HUYTON
HUNTS 
CROSS
RUNCORN
Key to Maps
Routeing Point on Route
Routeing Point Group 
Station on Route 
Non Routeing Point Interchange 
on route
Other principle locations
CESouth Wales and West to Yorkshire via Bristol
HULL
DONCASTER
CHESTERFIELD
DERBY
BARNETBYSHEFFIELD
TAMWORTH
BIRMINGHAM
NOTTINGHAM
GLOUCESTER
WORCESTER
HEREFORD
SWANSEA
SALISBURY
NEWPORT
BRISTOL
BATH WESTBURY
SOUTHAMPTON PORTSMOUTH
PLYMOUTH
EXETER
WEYMOUTH
CASTLE 
CARY
SMETHWICK
WAKEFIELD
LEEDS
YORKHarrogate
PONTEFRACT
SELBY
GOOLE
CARDIFF
SWINDON
CHIPPENHAM
TAUNTON
NUNEATON
LICHFIELD
EASTLEIGH
BARNT GREEN
SCARBOROUGH
BARNSLEY
BRIDGEND
CHINLEY
MEADOWHALL
PONTYPRIDD
CHELTENHAM SPA
SWINTON
Key to Maps
Routeing Point on Route
Routeing Point Group 
Station on Route 
Non Routeing Point Interchange 
on route
Other principle locations
CGCrewe to Glasgow and Edinburgh
STOCKPORT
CREWE
MANCHESTER
WARRINGTON
WIGAN
PRESTON
EARLESTOWN
CARLISLE
LANCASTER
BOLTON
CARSTAIRS
EDINBURGH
GLASGOW
NEWTON
MOTHERWELL
KILMARNOCK
Workington
CHESTER
PAISLEY 
GILMOUR 
STREET
SHOTTON
WREXHAM
WILMSLOW
HUNTS 
CROSS
RUNCORN
STAFFORD
Key to Maps
Routeing Point on Route
Routeing Point Group 
Station on Route 
Non Routeing Point Interchange 
on route
Other principle locations
CHCrewe and Chester to North Wales
CHESTER
WREXHAM
SHOTTON
CREWE
LIVERPOOL
HUYTON
HOOTON
HUNTS CROSS
Key to Maps
Routeing Point on Route
Routeing Point Group 
Station on Route 
Non Routeing Point Interchange 
on route
Other principle locations
CLCheshire to Lancashire local routes
EARLESTOWN
PRESTON
CHESTER
WARRINGTON
SHOTTON
BOLTONWIGAN
WREXHAM
MANCHESTER
Eccles
BLACKBURN
STOCKPORT
HUNTS CROSS
HOOTON
RUNCORN
HUYTON
Key to Maps
Routeing Point on Route
Routeing Point Group 
Station on Route 
Non Routeing Point Interchange 
on route
Other principle locations
WILMSLOW
CMCoventry to Manchester 
via Birmingham
STOCKPORT
CREWE
MANCHESTER
BIRMINGHAM
BARNT GREEN
SMETHWICK
STAFFORD
COVENTRY
BOLTON
WOLVERHAMPTON
STOKE ON TRENT
WALSALL
Perry Barr
WARRINGTON
EARLESTOWN
STALYBRIDGE
GUIDE 
BRIDGE
HAZEL GROVE
Key to Maps
Routeing Point on Route
Routeing Point Group 
Station on Route 
Non Routeing Point Interchange 
on route
Other principle locations
CNCentral Wales and North West to East 
Anglia via Birmingham
SWANSEA
IPSWICH
CAMBRIDGE
ELY
NORWICH
PETERBOROUGH
OAKHAM
LEICESTER
NUNEATON
BIRMINGHAM
MACHYNLLETH
LOUGHBOROUGH
CREWE STOKE  ON 
TRENT
DERBY
WOLVERHAMPTON
SMETHWICK
RUGELEY
SHREWSBURY
CRAVEN ARMS
WALSALL
Thetford
Perry Barr
LICHFIELD
MELTON 
MOWBRAY
STOWMARKET
COLCHESTER
STANSTED
MANNINGTREE
MARKS TEY
WITHAM
SHENFIELD
Key to Maps
Routeing Point on Route
Routeing Point Group 
Station on Route 
Non Routeing Point Interchange 
on route
Other principle locations
COLondon to Colchester
Chelmsford
LONDON LIVERPOOL 
STREET
STRATFORD
ROMFORD
SHENFIELD
COLCHESTER
MARKS TEY
WITHAM
SOUTHEND
Key to Maps
Routeing Point on Route
Routeing Point Group 
Station on Route 
Non Routeing Point Interchange 
on route
Other principle locations
CP
Chester to Preston
via Liverpool
SHOTTON
Birkenhead
PRESTON
CHESTER
LIVERPOOL
WREXHAM
Ormskirk
WIGAN
HUYTON
EARLESTOWN
BOLTON
RUNCORN
HUNTS 
CROSS
HOOTON
Key to Maps
Routeing Point on Route
Routeing Point Group 
Station on Route 
Non Routeing Point Interchange 
on route
Other principle locations
CSSouth East to North West and Lincolnshire via Birmingham
BANBURY
BIRMINGHAM
COVENTRY
SMETHWICK
NUNEATON LEICESTER
LOUGHBOROUGH
NOTTINGHAM
DERBY
TAMWORTH
SHREWSBURY
STAFFORD
CREWE
WARRINGTON
WIGAN
PRESTON
LIVERPOOL
STOKE ON TRENT
STOCKPORT
MANCHESTER
BOLTON
BLACKBURN
HELLIFIELD
LICHFIELD
WALSALL
WOLVERHAMPTON
EARLESTOWN
WILMSLOW
STALYBRIDGE
GUIDE BRIDGE
HAZEL GROVE
continued on next page
HUYTON
HOOTON
HUNTS 
CROSS
RUNCORN
LEAMINGTON SPA
WARWICK
TYSELEY
STRATFORD
UPON AVON
Key to Maps
Routeing Point on Route
Routeing Point Group 
Station on Route 
Non Routeing Point Interchange 
on route
Other principle locations
CS
DORKING
South East to North West and Lincolnshire
via Birmingham
GUILDFORD
FARNBOROUGH
READINGBASINGSTOKE
REDHILL
THREE BRIDGES
TONBRIDGE
ASHFORD
INTERNATIONAL
HAYES & 
HARLINGTON
OXFORD
BANBURY
HEREFORD
WORCESTER
CROYDON
STREATHAM
CLAPHAM JUNCTION
PADDINGTON
SLOUGH
WOKINGHAM
WEST RUISLIP
MARYLEBONE
KENSINGTON 
OLYMPIA
continued from previous page
DIDCOT 
PARKWAY
GATWICK 
AIRPORT
GLOUCESTER
CHELTENHAM 
SPA
Key to Maps
Routeing Point on Route
Routeing Point Group 
Station on Route 
Non Routeing Point Interchange 
on route
Other principle locations
CT
London to Chatham
CHATHAM
NEW CROSS
GRAVESEND
DARTFORD
SLADE GREEN
CHARLTON
LEWISHAM
LONDON
HITHER 
GREEN
Key to Maps
Routeing Point on Route
Routeing Point Group 
Station on Route 
Non Routeing Point Interchange 
on route
Other principle locations
CW
WEYMOUTH
SOUTHAMPTON
BRIGHTONPORTSMOUTH
HAVANT
FORD
LEWES
HASTINGS
ASHFORD 
INTERNATIONAL
Eastbourne
Hampden Park
Kent and the Sussex Coast to
Hampshire and Dorset
Key to Maps
Routeing Point on Route
Routeing Point Group 
Station on Route 
Non Routeing Point Interchange 
on route
Other principle locations
DGDerby to Barnetby via Nottingham
NEWARK
LINCOLN
NOTTINGHAM
DERBY
BARNETBY
LOUGHBOROUGH
Key to Maps
Routeing Point on Route
Routeing Point Group 
Station on Route 
Non Routeing Point Interchange 
on route
Other principle locations
DK
London to Dorking and Guildford
DORKING
CLAPHAM 
JUNCTION
GUILDFORD
LONDON 
WATERLOO
Effingham 
Junction
Key to Maps
Routeing Point on Route
Routeing Point Group 
Station on Route 
Non Routeing Point Interchange 
on route
Other principle locations
LONDON 
VICTORIA
WIMBLEDON
Raynes ParkKINGSTON
EPSOM
DLDerby to Lincolnshire via 
Nottingham
DERBY
SLEAFORDGRANTHAM
NOTTINGHAM
LOUGHBOROUGH
Key to Maps
Routeing Point on Route
Routeing Point Group 
Station on Route 
Non Routeing Point Interchange 
on route
Other principle locations
Doncaster Area Ð local routes DO
SELBY
GOOLE
DONCASTER
SWINTON
MEADOWHALL
SHEFFIELD
LEEDS
WAKEFIELD
BARNSLEY
YORK
Key to Maps
Routeing Point on Route
Routeing Point Group 
Station on Route 
Non Routeing Point Interchange 
on route
Other principle locations
DVRoutes from Dover
DARTFORD
CHATHAM
ASHFORD 
INTERNATIONAL
RAMSGATE
DOVER PRIORY
Deal
Canterbury 
East
Folkestone
GRAVESEND
MAIDSTONE
FAVERSHAMSWANLEY
Key to Maps
Routeing Point on Route
Routeing Point Group 
Station on Route 
Non Routeing Point Interchange 
on route
Other principle locations
EALondon to Essex and East Anglia
LIVERPOOL STREET
SOUTHENDROMFORD
IPSWICH
NORWICH
COLCHESTER
STOWMARKET
Diss
MANNINGTREE
MARKS TEY
WITHAM
ChelmsfordSHENFIELD
STRATFORD
Ilford
ELY
CAMBRIDGE
Bury St 
Edmunds
Newmarket
STANSTED
Key to Maps
Routeing Point on Route
Routeing Point Group 
Station on Route 
Non Routeing Point Interchange 
on route
Other principle locations
EELondon to the North East via Eastern Counties
YORK
NEWCASTLE
DARLINGTON MIDDLESBROUGH
SCARBOROUGH
DONCASTER
LEEDS
WAKEFIELD
SELBY
BARNETBY
SLEAFORD
PETERBOROUGH
HULL
STEVENAGE
LINCOLN
FINSBURY PARK
LONDON KINGS CROSS
Yarm
Teesside 
Airport
Hertford North
Sunderland
HIGHBURY & ISLINGTON
MOORGATE
BRADFORD
Cross Gates
BARNSLEY
GOOLE
HITCHIN
Key to Maps
Routeing Point on Route
Routeing Point Group 
Station on Route 
Non Routeing Point Interchange 
on route
Other principle locations
CARSTAIRS
GLASGOW
QUEEN STREET
GLASGOW
CENTRAL
MOTHERWELL
NEWTON
EDINBURGH
FALKIRK
GRAHAMSTON
FALKIRK HIGH
EG
INVERKEITHING
LADYBANK
Polmont
ShottsHolytown
Cumbernauld
Lenzie
Edinburgh to Glasgow local routes
Wishaw
Stepps
Bellshill
Linlithgow
KIRKCALDY
Dunfermline
NEWCASTLE
DARLINGTON
MIDDLESBROUGH
Key to Maps
Routeing Point on Route
Routeing Point Group 
Station on Route 
Non Routeing Point Interchange 
on route
Other principle locations
PAISLEY 
GILMOUR
STREET
EHEarlestown to Hellifield
WIGAN
EARLESTOWN
WARRINGTON
BOLTON
HELLIFIELD
BLACKBURN
HALIFAX
HUYTON
HUNTS 
CROSS
Key to Maps
Routeing Point on Route
Routeing Point Group 
Station on Route 
Non Routeing Point Interchange 
on route
Other principle locations
Edinburgh to Inverness
via Stirling
EI
EDINBURGHFALKIRK
STIRLING
PERTH
INVERNESS
Aviemore
Gleneagles
CARSTAIRS
Key to Maps
Routeing Point on Route
Routeing Point Group 
Station on Route 
Non Routeing Point Interchange 
on route
Other principle locations
East London Line EL
NEW CROSS
HIGHBURY & 
ISLINGTON
CRYSTAL 
PALACE
Key to Maps
Routeing Point on Route
Routeing Point Group 
Station on Route 
Non Routeing Point Interchange 
on route
Other principle locations
Dalston 
Junction
Surrey 
Quays
NEW CROSS 
GATE
CROYDON
EMEast Midlands local routes
CREWE
STOKE ON TRENT
DERBY
NOTTINGHAM
GRANTHAM
SLEAFORD
RETFORD
LEICESTER
LOUGHBOROUGH
MELTON 
MOWBRAY
OAKHAM
NUNEATON
COVENTRY BEDFORD
TAMWORTH
NEWARK
LINCOLN BARNETBY
KETTERING
LIVERPOOL
RUNCORN
HUNTS 
CROSS
LICHFIELD 
STAFFORD
WORKSOP
Key to Maps
Routeing Point on Route
Routeing Point Group 
Station on Route 
Non Routeing Point Interchange 
on route
Other principle locations
ENLondon Euston to Northampton and Rugby
LONDON EUSTON
WILLESDEN 
JUNCTION
KENSINGTON 
OLYMPIA
CLAPHAM 
JUNCTION
WATFORD 
JUNCTION
BLETCHLEY
RUGBY
NORTHAMPTON
BEDFORD
Key to Maps
Routeing Point on Route
Routeing Point Group 
Station on Route 
Non Routeing Point Interchange 
on route
Other principle locations
ERLondon to Yorkshire, Humberside, the North East and Scotland
NEWTON
Sunderland
SCARBOROUGH
SLEAFORD
LINCOLN
OAKHAM ELY
CAMBRIDGE
NOTTINGHAM
NEWARK
TOTTENHAM HALE
LONDON LIVERPOOL STREET
LONDON KINGS CROSS
FINSBURY PARK
STEVENAGE
GRANTHAM
PETERBOROUGH
BARNETBY
LEEDS
WAKEFIELD HULL
RETFORD
GOOLE
DONCASTER
SELBY
YORK
MIDDLESBROUGH
DARLINGTON
NEWCASTLE
CARSTAIRSMOTHERWELL
GLASGOW
PERTH
INVERNESS
STIRLING
ABERDEEN
DUNDEE
EDINBURGH
LADYBANK
KIRKCALDY
INVERKEITHING
ShottsBellshill
FALKIRK
HACKNEY
BRADFORD
Cross Gates
STANSTED
PAISLEY 
GILMOUR 
STREET
BARNSLEY
WORKSOP
HITCHIN
Key to Maps
Routeing Point on Route
Routeing Point Group 
Station on Route 
Non Routeing Point Interchange 
on route
Other principle locations
HIGHBURY & ISLINGTON
CARLISLE
CARSTAIRS
GLASGOW
QUEEN STREET
GLASGOW
CENTRAL
MOTHERWELL
NEWTON
KILMARNOCK
EDINBURGH
FALKIRK
GRAHAMSTON
FALKIRK HIGH
STIRLING
FC
PERTH
Dumfries
INVERKEITHING
LADYBANK
Polmont
ShottsHolytown
Larbert
Cumbernauld
Lenzie
Lockerbie
Carlisle and Scotland
Wishaw
Stepps
Bellshill
Linlithgow
KIRKCALDY
Dunfermline
PAISLEY 
GILMOUR 
STREET
Key to Maps
Routeing Point on Route
Routeing Point Group 
Station on Route 
Non Routeing Point Interchange 
on route
Other principle locations
CARSTAIRS
GLASGOW
QUEEN STREET
GLASGOW
CENTRAL
MOTHERWELL
NEWTON
KILMARNOCK
EDINBURGH
FALKIRK
GRAHAMSTON
FALKIRK HIGH
STIRLING
FD
DUNDEEPERTH
INVERKEITHING
LADYBANK
Polmont
ShottsHolytown
Larbert
Cumbernauld
Lenzie
Scottish internal routes
Wishaw
Stepps
Bellshill
Linlithgow
KIRKCALDY
Dunfermline
ABERDEEN
PAISLEY 
GILMOUR 
STREET
CARLISLE
Dumfries
Key to Maps
Routeing Point on Route
Routeing Point Group 
Station on Route 
Non Routeing Point Interchange 
on route
Other principle locations
FKAberdeen to Kilmarnock and Carstairs via Edinburgh and Glasgow
FALKIRK
STIRLING
PERTH
ABERDEEN
DUNDEE
LADYBANK
KIRKCALDY
INVERKEITHING
NEWTON
MOTHERWELL
CARSTAIRS
KILMARNOCK
GLASGOW
EDINBURGH
CARLISLE
PAISLEY 
GILMOUR 
STREET
NEWCASTLE
DARLINGTON
MIDDLESBROUGH
Key to Maps
Routeing Point on Route
Routeing Point Group 
Station on Route 
Non Routeing Point Interchange 
on route
Other principle locations
GAStirling and Inverkeithing to Invernessand Aberdeen via Invergowrie
ABERDEEN
DUNDEE
PERTH
INVERNESS
LADYBANK
KIRKCALDY
INVERKEITHING
STIRLING
Invergowrie
GLASGOW
FALKIRK
PAISLEY 
GILMOUR 
STREET
Key to Maps
Routeing Point on Route
Routeing Point Group 
Station on Route 
Non Routeing Point Interchange 
on route
Other principle locations
GCLondon to Worcester via High Wycombe and Birmingham
MARYLEBONE
GREENFORD
PADDINGTON
BANBURY
High Wycombe
WEST RUISLIP
COVENTRY
BIRMINGHAM
SMETHWICK
WORCESTER
Jewelry 
Quarter
Wembley 
Stadium
Stourbridge 
Junction
RUGBY
TYSELEY
STRATFORD
UPON AVON
WARWICK
LEAMINGTON SPA
Key to Maps
Routeing Point on Route
Routeing Point Group 
Station on Route 
Non Routeing Point Interchange 
on route
Other principle locations
GMRoutes in Greater Manchester
MANCHESTER
CHINLEY
STALYBRIDGE
HUDDERSFIELD
HAZEL 
GROVE
STOCKPORT
CHESTER
CREWE
BLACKBURN
BOLTONWIGAN
EARLESTOWN
WARRINGTON
HALIFAX
SHOTTON
WREXHAM
WILMSLOW
GUIDE BRIDGEHUNTS CROSS
HUYTON
Key to Maps
Routeing Point on Route
Routeing Point Group 
Station on Route 
Non Routeing Point Interchange 
on route
Other principle locations
GNGlasgow to Newcastle via Carlisle
NEWCASTLE
NEWTON
GLASGOW
KILMARNOCK
CARLISLE
CARSTAIRS
MOTHERWELL
Hexham
PAISLEY GILMOUR 
STREET
Key to Maps
Routeing Point on Route
Routeing Point Group 
Station on Route 
Non Routeing Point Interchange 
on route
Other principle locations
GUGrand Central services London to Bradford
LONDON 
KINGS CROSS
PETERBOROUGH
STEVENAGE
DONCASTER
RETFORD
NEWARK
GRANTHAM
FINSBURY PARK
Hertford 
North
PONTEFRACT
WAKEFIELD
HALIFAX
BRADFORD
Brighouse
HITCHIN
Key to Maps
Routeing Point on Route
Routeing Point Group 
Station on Route 
Non Routeing Point Interchange 
on route
Other principle locations
HIGHBURY & 
ISLINGTON
HKHigh Speed Domestic Services to 
North Kent
STRATFORD
LONDON ST 
PANCRAS
GRAVESEND
EBBSFLEET CHATHAM RAMSGATE
FAVERSHAM
Key to Maps
Routeing Point on Route
Routeing Point Group 
Station on Route 
Non Routeing Point Interchange 
on route
Other principle locations
HSKent Ð High Speed Domestic Services
STRATFORD
LONDON ST 
PANCRAS
GRAVESEND
ASHFORD
INTERNATIONAL
EBBSFLEET
DOVER PRIORY
CHATHAM RAMSGATE
Canterbury West
Key to Maps
Routeing Point on Route
Routeing Point Group 
Station on Route 
Non Routeing Point Interchange 
on route
Other principle locations
HULondon to Humberside via East Coast Main Line
LONDON LIVERPOOL 
STREET
LONDON 
KINGS CROSS
PETERBOROUGH
ELY
CAMBRIDGE
TOTTENHAM HALE
HACKNEY
STEVENAGE
DONCASTER
RETFORD
NEWARK
GRANTHAM
FINSBURY PARK
SELBY
HULL
GOOLE
Gilberdyke
Hertford 
North
STANSTED
PONTEFRACT
HITCHIN
Key to Maps
Routeing Point on Route
Routeing Point Group 
Station on Route 
Non Routeing Point Interchange 
on route
Other principle locations
HIGHBURY & 
ISLINGTON
CRAVEN ARMS
HWSwansea to Crewe - Heart of Wales Line
SWANSEA
CREWE
SHREWSBURYMACHYNLLETH
Key to Maps
Routeing Point on Route
Routeing Point Group 
Station on Route 
Non Routeing Point Interchange 
on route
Other principle locations
CARLISLE
HXRoutes via Hexham
DARLINGTON
YORK
MIDDLESBROUGH
NEWCASTLE
Northallerton
Key to Maps
Routeing Point on Route
Routeing Point Group 
Station on Route 
Non Routeing Point Interchange 
on route
Other principle locations
IPInverness to Perth via Aberdeen
ABERDEEN
DUNDEE
PERTH
INVERNESS
Invergowrie
Key to Maps
Routeing Point on Route
Routeing Point Group 
Station on Route 
Non Routeing Point Interchange 
on route
Other principle locations
ISRoutes to Inverness from the South
ABERDEEN
DUNDEE
PERTH
INVERNESS
LADYBANK
KIRKCALDY
INVERKEITHING
STIRLING
Invergowrie
GLASGOW
EDINBURGH
NEWTON
MOTHERWELL
CARSTAIRS
CARLISLE
PAISLEY 
GILMOUR 
STREET
FALKIRK
Key to Maps
Routeing Point on Route
Routeing Point Group 
Station on Route 
Non Routeing Point Interchange 
on route
Other principle locations
JLSleaford to Doncaster and Leeds via Lincoln (Joint Line)
RETFORD
SLEAFORD
LINCOLN
DONCASTER
Gainsborough Lea Road
LEEDS
WAKEFIELD
BARNETBYScunthorpe
PONTEFRACT
BARNSLEY
SHEFFIELD
WORKSOP
MEADOWHALL
SWINTON
Key to Maps
Routeing Point on Route
Routeing Point Group 
Station on Route 
Non Routeing Point Interchange 
on route
Other principle locations
KLKent Ð Local Services
CHATHAM
SWANLEYBECKENHAMJUNCTION
BROMLEY SOUTH
GRAVESEND
MAIDSTONE
ASHFORD
INTERNATIONAL
TONBRIDGE
Paddock 
Wood
DARTFORD
SLADE GREEN
SEVENOAKS
Key to Maps
Routeing Point on Route
Routeing Point Group 
Station on Route 
Non Routeing Point Interchange 
on route
Other principle locations
LALondon to Avon stations via Westbury
READING
LONDON 
PADDINGTON
SLOUGH
WESTBURY
BRISTOL
BATH SPA
CHIPPENHAM
KENSINGTON
OLYMPIA
CLAPHAM
JUNCTION
HAYES & 
HARLINGTONSWINDON
NEWPORT
CARDIFFBRIDGEND
SWANSEA PONTYPRIDD
Key to Maps
Routeing Point on Route
Routeing Point Group 
Station on Route 
Non Routeing Point Interchange 
on route
Other principle locations
LB
FORD BRIGHTON
Worthing
Eastbourne
LEWES
HASTINGS
THREE BRIDGES
HORSHAM
GATWICK 
AIRPORT
CROYDON
REDHILL
BEDFORD
Luton
St Albans
WEST HAMPSTEAD
ST PANCRAS
KINGS CROSS THAMESLINK
FARRINGDON THAMESLINK
CITY THAMESLINK
BLACKFRIARS
MITCHAM 
JUNCTION
STREATHAM
HERNE 
HILL
TULSE 
HILL
CRYSTAL PALACE
LONDON BRIDGE
CANNON STREET
CLAPHAM JUNCTION
WATERLOO
CHARING CROSS
VICTORIA
WATFORD 
JUNCTION
Forest Hill
Crawley
Bedford to Brighton
Selhurst
PECKHAM 
RYE
NEW CROSS 
GATE
Key to Maps
Routeing Point on Route
Routeing Point Group 
Station on Route 
Non Routeing Point Interchange 
on route
Other principle locations
LCLondon to Cheshire and 
North Wales
STAFFORD
STOKE ON TRENTSHOTTON
WARRINGTON
WREXHAM
WOLVERHAMPTON
SMETHWICK
CHESTER CREWE
BIRMINGHAM
LONDON EUSTON
RUGELEY
LICHFIELD
TAMWORTH
NUNEATON
RUGBY
COVENTRY
NORTHAMPTON
BLETCHLEY
WATFORD JUNCTION
WILLESDEN JUNCTION
CLAPHAM JUNCTION
KENSINGTON 
OLYMPIA
LIVERPOOL
BEDFORD
EARLESTOWN
WALSALL
RUNCORN
HUNTS 
CROSS
HOOTON
HUYTON
Key to Maps
Routeing Point on Route
Routeing Point Group 
Station on Route 
Non Routeing Point Interchange 
on route
Other principle locations
LDLondon to Dover
HITHER GREEN
PECKHAM RYE
CHATHAM
RAMSGATE
BECKENHAM 
JUNCTION
CANNON 
STREET
LONDON 
BRIDGE
BLACKFRIARS
CHARING 
CROSS
WATERLOO
VICTORIA
LEWISHAM
SEVENOAKS
GROVE PARK
FAVERSHAM
NEW CROSS
SWANLEY
MAIDSTONE
DENMARK HILL
Key to Maps
Routeing Point on Route
Routeing Point Group 
Station on Route 
Non Routeing Point Interchange 
on route
Other principle locations
LE
LONDON 
VICTORIA
LONDON 
WATERLOOCLAPHAM 
JUNCTION
WIMBLEDON
SURBITON
WOKING
FARNBOROUGH
BASINGSTOKE
SALISBURY
EXETER
London to Exeter and Plymouth 
via Salisbury
PLYMOUTH
WEYMOUTH
TAUNTON
Key to Maps
Routeing Point on Route
Routeing Point Group 
Station on Route 
Non Routeing Point Interchange 
on route
Other principle locations
LGLondon to Gloucester and 
Worcester via Bristol
SWINDON
READING
SLOUGH
PADDINGTONCHIPPENHAMBATH
SPA
BRISTOL
GLOUCESTER
GREENFORD
Kensington
Olympia
CLAPHAM
JUNCTION
DIDCOT
PARKWAY
HAYES & 
HARLINGTON
CHELTENHAM SPA
Key to Maps
Routeing Point on Route
Routeing Point Group 
Station on Route 
Non Routeing Point Interchange 
on route
Other principle locations
WORCESTER
LKLondon to Hastings, Ashford, Dover & Ramsgate
HITHER GREEN
RAMSGATE
BECKENHAM 
JUNCTION
CANNON 
STREET
LONDON 
BRIDGE
BLACKFRIARS
CHARING 
CROSS
WATERLOO
VICTORIA
LEWISHAM
GROVE PARK
TONBRIDGE
NEW CROSS
REDHILL
MAIDSTONE
ASHFORD 
INTERNATIONAL DOVER PRIORY
HASTINGS
SWANLEY
SEVENOAKS
BROMLEY SOUTH
PECKHAM 
RYE
CRYSTAL 
PALACE
STREATHAM
CROYDON
CLAPHAM 
JUNCTION
HERNE HILL
Key to Maps
Routeing Point on Route
Routeing Point Group 
Station on Route 
Non Routeing Point Interchange 
on route
Other principle locations
LLLondon to East Kent
HITHER GREEN
RAMSGATE
BECKENHAM 
JUNCTION
CANNON 
STREET
LONDON 
BRIDGE
BLACKFRIARS
CHARING 
CROSS
WATERLOO
VICTORIA
LEWISHAM
GROVE PARK
SEVENOAKS
NEW CROSS
MAIDSTONE
ASHFORD 
INTERNATIONAL
HASTINGS
SWANLEY
PECKHAM 
RYE
CRYSTAL 
PALACE
TONBRIDGE
BROMLEY 
SOUTH
CLAPHAM 
JUNCTION
DENMARK 
HILL
Key to Maps
Routeing Point on Route
Routeing Point Group 
Station on Route 
Non Routeing Point Interchange 
on route
Other principle locations
LMWest Coast Main Line to Scotlandcontinued on next page
EUSTONCLAPHAM 
JUNCTION
WILLESDEN 
JUNCTION
KENSINGTON 
OLYMPIA
WATFORD 
JUNCTION
BLETCHLEY
BEDFORD
RUGBY
NUNEATON
TAMWORTH
RUGELEY
LICHFIELD
STAFFORD
COVENTRY
BIRMINGHAM
SMETHWICK
WOLVERHAMPTON
STOKE ON TRENT
STOCKPORT
CREWE
MANCHESTER
WARRINGTON
WIGAN
PRESTON
EARLESTOWN
SHREWSBURY
CARLISLE
LANCASTER
Workington
BOLTON
Perry 
Barr
WILMSLOW
Chorley
WALSALL
NORTHAMPTON
HUYTON
Key to Maps
Routeing Point on Route
Routeing Point Group 
Station on Route 
Non Routeing Point Interchange 
on route
Other principle locations
CARLISLE
CARSTAIRS
Queen 
Street
Central
MOTHERWELL
NEWTON
KILMARNOCK
EDINBURGH
FALKIRK 
High
LM
Dumfries
INVERKEITHING
Polmont
ShottsHolytown
Cumbernauld
Lenzie
Lockerbie
West Coast Main Line to Scotland
continued from page before
Wishaw
Stepps
Bellshill
Linlithgow
FALKIRK 
Grahamston
GLASGOW
PAISLEY 
GILMOUR 
STREET
Key to Maps
Routeing Point on Route
Routeing Point Group 
Station on Route 
Non Routeing Point Interchange 
on route
Other principle locations
LPLondon to Portsmouth via Gatwick Airport
REDHILL
GATWICK 
AIRPORT
CLAPHAM 
JUNCTION
CROYDON
THREE BRIDGES
HORSHAM
FORD
HAVANT
PORTSMOUTH
LONDON
STREATHAM
SOUTHAMPTON
Key to Maps
Routeing Point on Route
Routeing Point Group 
Station on Route 
Non Routeing Point Interchange 
on route
Other principle locations
LRLondon to Ramsgate and Ashford
LONDON VICTORIA
SWANLEY
STREATHAM
CROYDON
BROMLEY 
SOUTH
ASHFORD INTL
CLAPHAM JUNCTION
MAIDSTONE
CRYSTAL 
PALACE
CHATHAM
RAMSGATE
BECKENHAM 
JUNCTION
GROVE PARK
FAVERSHAM
SEVENOAKS
Key to Maps
Routeing Point on Route
Routeing Point Group 
Station on Route 
Non Routeing Point Interchange 
on route
Other principle locations
LSLeeds to Scarborough via York
LEEDS
YORK
SCARBOROUGH
SELBY
Key to Maps
Routeing Point on Route
Routeing Point Group 
Station on Route 
Non Routeing Point Interchange 
on route
Other principle locations
BRADFORD
PONTEFRACT
Church Fenton
LW
London to South Wales
SWINDON
READING
SLOUGH
PADDINGTONCHIPPENHAMBATH
SPA
BRISTOL
NEWPORT
CARDIFF
SWANSEA
GLOUCESTER
GREENFORD
Kensington
Olympia
CLAPHAM
JUNCTION
DIDCOT
PARKWAY
KembleChepstow
BRIDGEND
HAYES & 
HARLINGTON
PONTYPRIDD
CHELTENHAM SPA
Key to Maps
Routeing Point on Route
Routeing Point Group 
Station on Route 
Non Routeing Point Interchange 
on route
Other principle locations
LYLancashire-Yorkshire routes
LEEDS
YORK
SELBY HULL
SCARBOROUGH
PONTEFRACT
GOOLE
BRADFORDHALIFAX
MANCHESTER
STOCKPORT
BOLTON
LIVERPOOL
EARLESTOWN
WAKEFIELD
WARRINGTON
BARNSLEY
HUDDERSFIELD
WILMSLOW
CREWE
WIGAN
HUYTON
HOOTON HUNTS 
CROSS
Key to Maps
Routeing Point on Route
Routeing Point Group 
Station on Route 
Non Routeing Point Interchange 
on route
Other principle locations
MALondon to Greater Manchester
STAFFORD
STOKE ON TRENT
WARRINGTON
WOLVERHAMPTON
SMETHWICK
CREWE
BIRMINGHAM
LONDON EUSTON
RUGELEY
LICHFIELD
TAMWORTH
NUNEATON
RUGBY
COVENTRY
NORTHAMPTON
BLETCHLEY
WATFORD JUNCTION
WILLESDEN JUNCTION
CLAPHAM JUNCTION
KENSINGTON OLYMPIA
WALSALL
STOCKPORT
BOLTON
MANCHESTER
BEDFORD
EARLESTOWN
WILMSLOW
GUIDE BRIDGE
STALYBRIDGE
HAZEL GROVE
Key to Maps
Routeing Point on Route
Routeing Point Group 
Station on Route 
Non Routeing Point Interchange 
on route
Other principle locations
CHESTER
LIVERPOOL
SHOTTON
WREXHAM
SHREWSBURY
WALSALL
NUNEATON
BIRMINGHAMSMETHWICK
WOLVERHAMPTON
MEWest Midlands to Merseyside
HOOTON
HUYTON
Key to Maps
Routeing Point on Route
Routeing Point Group 
Station on Route 
Non Routeing Point Interchange 
on route
Other principle locations
STAFFORD
CREWE
STOKE ON TRENT
STOCKPORT
MANCHESTER
Alsager
BOLTON
BLACKBURN
HELLIFIELD
MHManchester to Hellifield via Bolton
WILMSLOW
HAZEL GROVE
GUIDE BRIDGE
STALYBRIDGE
Key to Maps
Routeing Point on Route
Routeing Point Group 
Station on Route 
Non Routeing Point Interchange 
on route
Other principle locations
MLMerseyside local services
LIVERPOOL
EARLESTOWN
WIGAN
CHESTER
WARRINGTON
SHOTTON
MANCHESTER
Newton le 
Willows
BOLTON
Atherton
Kirkby
WREXHAM
STALYBRIDGE
GUIDE BRIDGE
HUNTS CROSS
RUNCORN
HUYTON
HOOTON
Key to Maps
Routeing Point on Route
Routeing Point Group 
Station on Route 
Non Routeing Point Interchange 
on route
Other principle locations
BEDFORD
LONDON ST PANCRAS
WEST HAMPSTEAD
NOTTINGHAM
OAKHAM
LOUGHBOROUGH
LEICESTER
SHEFFIELD
CHESTERFIELD
DERBY
HUDDERSFIELD
WAKEFIELD
LEEDS
BRADFORD
DONCASTER
SELBY
YORK
MMLondon to the East Midlands, West Yorkshire and Scotland via the Pennines
HELLIFIELD
CARLISLE
NEWTON
MOTHERWELL
GLASGOW
KILMARNOCK
KETTERING
Settle
CARSTAIRS
LANCASTER
PONTEFRACT
Church 
Fenton
MELTON MOWBRAY
SCARBOROUGH
PAISLEY 
GILMOUR 
STREET
BARNSLEY
MEADOWHALL SWINTON
Key to Maps
Routeing Point on Route
Routeing Point Group 
Station on Route 
Non Routeing Point Interchange 
on route
Other principle locations
MRGreater Manchester local routes
MANCHESTER GUIDE BRIDGE
STALYBRIDGE
STOCKPORT
CREWE
BOLTON
WIGAN
EARLESTOWN
WARRINGTON
WILMSLOW
HUNTS CROSS
PRESTON
Key to Maps
Routeing Point on Route
Routeing Point Group 
Station on Route 
Non Routeing Point Interchange 
on route
Other principle locations
MSRoutes via Manchester and Stockport
MANCHESTER
GUIDE BRIDGE
CHINLEY
SHEFFIELD
CREWE
STOCKPORT
WILMSLOW
HUDDERSFIELD
HALIFAX
STALYBRIDGE
Romiley
Brighouse
HAZEL 
GROVE
RUNCORN
MEADOWHALL
STOKE ON TRENT
SWINTON
Key to Maps
Routeing Point on Route
Routeing Point Group 
Station on Route 
Non Routeing Point Interchange 
on route
Other principle locations
WESTBURY
MWCentral Southern England to the North West and Yorkshire
continued on next page
READING
BASINGSTOKE
SOUTHAMPTONWEYMOUTH
SALISBURY
GUILDFORD
DIDCOT
HAVANTPORTSMOUTH
OXFORD
BATH SPA
CHIPPENHAM
SWINDON
BANBURY
COVENTRY
BIRMINGHAM
FARNBOROUGH
TAMWORTH
DERBY
CHESTERFIELD
SHEFFIELD
LEEDS
WAKEFIELD
DONCASTER
YORK
PONTEFRACT
WOKINGHAM
NUNEATON
ASH VALE
SLOUGH
LICHFIELD
EASTLEIGH
BARNSLEY
NOTTINGHAM
HAYES & 
HARLINGTON
MEADOWHALL
SWINTON
LEAMINGTON SPASTRATFORD 
UPON AVON
WARWICK
TYSELEY
CASTLE 
CARY
Key to Maps
Routeing Point on Route
Routeing Point Group 
Station on Route 
Non Routeing Point Interchange 
on route
Other principle locations
MWCentral Southern England to the North West and Yorkshire
continued from page before
BIRMINGHAM
SMETHWICK
WOLVERHAMPTON
STAFFORD
CREWE
SHREWSBURY
CHESTER
STOCKPORT
MANCHESTER
PRESTON
BOLTON
WIGAN
WARRINGTON
LIVERPOOL
WREXHAM
SHOTTON
Perry 
Barr
EARLESTOWN
WALSALL
STOKE ON TRENT
WILMSLOW
STALYBRIDGE
GUIDE BRIDGE
HAZEL GROVE
HUYTON
HOOTON
RUNCORN
HUNTS 
CROSS
Key to Maps
Routeing Point on Route
Routeing Point Group 
Station on Route 
Non Routeing Point Interchange 
on route
Other principle locations
CARLISLE
HELLIFIELD
PRESTON
WIGAN
WARRINGTON
CREWE
LANCASTER
LEEDS
BRADFORD
Leeds and Crewe to Carlisle 
and the Cumbrian Coast NC
KILMARNOCK
HALIFAX
BLACKBURN
EARLESTOWN
CARSTAIRS
Wennington
Workington
RUNCORN
HUYTON
STOKE ON TRENT
HUNTS 
CROSS
Key to Maps
Routeing Point on Route
Routeing Point Group 
Station on Route 
Non Routeing Point Interchange 
on route
Other principle locations
NENorth East England to Scotland
LEEDS
YORK
SCARBOROUGH
MIDDLESBROUGHDARLINGTON
NEWCASTLE
EDINBURGH
MOTHERWELLNEWTON
GLASGOW FALKIRK
ABERDEEN
PERTH
INVERNESS
Harrogate
Northallerton
Hartlepool
Sunderland
Berwick upon Tweed
STIRLING
LADYBANK
CARSTAIRS
DUNDEE
DONCASTER
RETFORD
KIRKCALDY
INVERKEITHINGShottsBellshill
BRADFORD
SELBY
PAISLEY 
GILMOUR 
STREET
PONTEFRACT
LINCOLN
GOOLE
WORKSOP
Key to Maps
Routeing Point on Route
Routeing Point Group 
Station on Route 
Non Routeing Point Interchange 
on route
Other principle locations
NKLondon to North Kent
HITHER GREEN
PECKHAM RYE
CHATHAM
RAMSGATE
BECKENHAM 
JUNCTION
CANNON 
STREET
LONDON 
BRIDGE
BLACKFRIARS
CHARING 
CROSS
WATERLOO
VICTORIA
LEWISHAM
GROVE PARK
FAVERSHAM
NEW CROSS
MAIDSTONE
DARTFORD
GRAVESEND
SLADE GREEN
CHARLTON
DENMARK HILL
Key to Maps
Routeing Point on Route
Routeing Point Group 
Station on Route 
Non Routeing Point Interchange 
on route
Other principle locations
NLNorwich and Cambridge to Liverpool via Peterborough and Manchester
PETERBOROUGH
ELY
LEICESTER
NORWICH
LOUGHBOROUGH
DERBY
SHEFFIELD
CHESTERFIELD
MELTON 
MOWBRAY
OAKHAM
CAMBRIDGE STOWMARKET
IPSWICH
LIVERPOOL
STOCKPORT
CHINLEY
GRANTHAM
NOTTINGHAM
Newmarket
Bury St Edmunds
BOLTON
STANSTED
BARNSLEY
HAZEL 
GROVE
GUIDE BRIDGE
MANCHESTER
WILMSLOW
WARRINGTON
HUNTS 
CROSS
HOOTON
HUYTON
MEADOWHALL
SWINTON
MANNINGTREE
Key to Maps
Routeing Point on Route
Routeing Point Group 
Station on Route 
Non Routeing Point Interchange 
on route
Other principle locations
NMLondon to Derby and Nottingham
NOTTINGHAM
LOUGHBOROUGH
LEICESTER
KETTERING
BEDFORD
WEST HAMPSTEAD
LONDON ST PANCRAS
DERBY
MELTON MOWBRAY
OAKHAM
Key to Maps
Routeing Point on Route
Routeing Point Group 
Station on Route 
Non Routeing Point Interchange 
on route
Other principle locations
CARLISLE
CARSTAIRS
GLASGOW
MOTHERWELL
NEWTON
KILMARNOCK
NW
Dumfries
Lockerbie
North West England and lowland 
Scotland
Wishaw
LANCASTER
PRESTON
WIGAN
BOLTON
STOCKPORT
STOKE ON TRENT
STAFFORD
MANCHESTER
EDINBURGH
PAISLEY 
GILMOUR 
STREET
WILMSLOW
STALYBRIDGE
GUIDE BRIDGE
HAZEL GROVE
Key to Maps
Routeing Point on Route
Routeing Point Group 
Station on Route 
Non Routeing Point Interchange 
on route
Other principle locations
OVLondon Overground routes
RICHMOND
CLAPHAM 
JUNCTION
WILLESDEN 
JUNCTION
WEST 
HAMPSTEAD
LONDON
WALTHAMSTOW
WATFORD 
JUNCTION
HIGHBURY & 
ISLINGTON
BARKING
STRATFORD
TOTTENHAM 
HALE
HACKNEY
GOSPEL OAK
WEST HAM
STAINES
Key to Maps
Routeing Point on Route
Routeing Point Group 
Station on Route 
Non Routeing Point Interchange 
on route
Other principle locations
PERTH
ABERDEEN
INVERNESS
Elgin Huntly
Aviemore
Dalwhinnie
Pitlochry
PAPerth to Aberdeen via Inverness
Key to Maps
Routeing Point on Route
Routeing Point Group 
Station on Route 
Non Routeing Point Interchange 
on route
Other principle locations
PDLondon to Portsmouth
HAVANT
GUILDFORD
EPSOM
Effingham Jn
Oxshott
WOKING
SURBITON
Haslemere
Godalming
PORTSMOUTH
WIMBLEDON
CLAPHAM 
JUNCTION
WATERLOO
VICTORIA
Leatherhead
Key to Maps
Routeing Point on Route
Routeing Point Group 
Station on Route 
Non Routeing Point Interchange 
on route
Other principle locations
PHPlymouth and Portsmouth to Yorkshire via Bristol
HULL
DONCASTER
CHESTERFIELD
DERBY
BARNETBYSHEFFIELD
TAMWORTH
BIRMINGHAM
NOTTINGHAM
GLOUCESTER
WORCESTER
HEREFORD
SWANSEA
SALISBURY
NEWPORT
BRISTOL
BATH WESTBURY
SOUTHAMPTON PORTSMOUTH
PLYMOUTH
EXETER
WEYMOUTH
CASTLE 
CARY
SMETHWICK
WAKEFIELD
LEEDS PONTEFRACT
SELBY
GOOLE
CARDIFF
SWINDON
CHIPPENHAM
TAUNTON
LICHFIELD
EASTLEIGH
BARNT 
GREEN
BARNSLEY
BRIDGEND
MEADOWHALL
PONTYPRIDD
SWINTON
CHELTENHAM SPA
Key to Maps
Routeing Point on Route
Routeing Point Group 
Station on Route 
Non Routeing Point Interchange 
on route
Other principle locations
PNLancashire and Cheshire to Yorkshire and Humberside
BARNETBY
MANCHESTER
WIGAN
EARLESTOWN
STOCKPORT
BOLTON
DONCASTER
SELBY
GOOLEHALIFAX
BRADFORD
LEEDS
HUDDERSFIELD
WAKEFIELD
PONTEFRACT
YORK
Rochdale
GUIDE BRIDGE
STALYBRIDGE
Key to Maps
Routeing Point on Route
Routeing Point Group 
Station on Route 
Non Routeing Point Interchange 
on route
Other principle locations
PSLancashire and Cheshire to Lincolnshire and the East Midlands
PRESTON
BARNETBY
MANCHESTER
SHEFFIELDLIVERPOOL
WIGAN
EARLESTOWN
CREWE
STOCKPORTWARRINGTON
BOLTON
CHESTERFIELD
DERBY
LOUGHBOROUGH
LEICESTER
NOTTINGHAM
GRANTHAM
SLEAFORD
OAKHAM PETERBOROUGH
RETFORD
LINCOLN
DONCASTER
Gainsborough
Scunthorpe
MELTON 
MOWBRAY
SHOTTON
WREXHAM
BARNSLEY
WILMSLOW
CHESTER
CHINLEY
HAZEL 
GROVE
GUIDE 
BRIDGE
HUNTS 
CROSSHOOTON
HUYTON
WORKSOP
MEADOWHALL
SWINTON
Key to Maps
Routeing Point on Route
Routeing Point Group 
Station on Route 
Non Routeing Point Interchange 
on route
Other principle locations
RGLondon to Reading
READING
SLOUGH
LONDON 
PADDINGTON
GREENFORD
Kensington 
Olympia
CLAPHAM 
JUNCTION
HAYES & 
HARLINGTON
Key to Maps
Routeing Point on Route
Routeing Point Group 
Station on Route 
Non Routeing Point Interchange 
on route
Other principle locations
Portsmouth to Basingstoke and 
Salisbury RM
SALISBURY
PORTSMOUTH
BASINGSTOKE
Romsey EASTLEIGH
Chandlers 
Ford
BotleySOUTHAMPTON
WESTBURY
CHIPPENHAM
SWINDON
BATH SPA
Melksham
Key to Maps
Routeing Point on Route
Routeing Point Group 
Station on Route 
Non Routeing Point Interchange 
on route
Other principle locations
SBSwindon and Bristol Parkway to 
West Wales
SWINDON
BRISTOLNEWPORT
CARDIFFBRIDGENDSWANSEA
PONTYPRIDD
BATH SPA
CHIPPENHAM
Key to Maps
Routeing Point on Route
Routeing Point Group 
Station on Route 
Non Routeing Point Interchange 
on route
Other principle locations
LONDON 
VICTORIA
LONDON 
WATERLOO
LONDON 
CHARING 
CROSS
LONDON 
BLACKFRIARS LONDON 
BRIDGE
CLAPHAM 
JUNCTION
Balham
WIMBLEDON
CROYDON
Pulborough
Arundel
FORD
DORKING
HORSHAM
Motspur Park
Cheam
St Helier
GATWICK 
AIRPORT
REDHILL
THREE BRIDGES
SUTTON
MITCHAM 
JUNCTION
STREATHAM
TULSE HILL
HERNE HILL
PECKHAM RYE
CRYSTAL 
PALACE
Forest 
Hill
SC
Gipsy 
Hill
Waddon
Tooting
Norwood 
Junction
EPSOM
London to West Sussex
NEW CROSS 
GATE
Key to Maps
Routeing Point on Route
Routeing Point Group 
Station on Route 
Non Routeing Point Interchange 
on route
Other principle locations
SDSouth London and the North Downs
GUILDFORD
DORKING
HORSHAM
FORD
THREE BRIDGES
REDHILL
CROYDON
GATWICK 
AIRPORT
EPSOM
SUTTON
WIMBLEDON
CRYSTAL 
PALACE
STREATHAM
Arundel
Ockley
Reigate
Chilworth
St Helier
Cheam
Wallington
MITCHAM 
JUNCTION
Selhurst
Gipsy Hill
Key to Maps
Routeing Point on Route
Routeing Point Group 
Station on Route 
Non Routeing Point Interchange 
on route
Other principle locations
SGRoutes between Glasgow 
and Stirling and Falkirk
STIRLING
FALKIRK
GLASGOW
KILMARNOCK
NEWTON
MOTHERWELL CARSTAIRS
PERTH
LADYBANK
PAISLEY 
GILMOUR 
STREET
Key to Maps
Routeing Point on Route
Routeing Point Group 
Station on Route 
Non Routeing Point Interchange 
on route
Other principle locations
SHSheffield to Barnetby and Lincoln via Retford
BARNETBY
LINCOLN
RETFORD
HAZEL 
GROVE
Gainsborough 
Lea Road
Gainsborough 
Central
WORKSOP
HUDDERSFIELD
BARNSLEY
CHINLEY
SHEFFIELD
SLEAFORD
CHESTERFIELD
MEADOWHALL
SWINTON
Key to Maps
Routeing Point on Route
Routeing Point Group 
Station on Route 
Non Routeing Point Interchange 
on route
Other principle locations
SL
VICTORIA
BLACKFRIARS LONDON BRIDGE
PECKHAM 
RYE
TULSE HILL
HERNE HILL
STREATHAM
Elephant 
& Castle
Brixton
East Dulwich
Sydenham Hill
BECKENHAM 
JUNCTION
WIMBLEDON
MITCHAM JUNCTION
SUTTON
EPSOM
DORKING
HORSHAM
South London to Dorking and Horsham
Tooting
DENMARK HILL
Key to Maps
Routeing Point on Route
Routeing Point Group 
Station on Route 
Non Routeing Point Interchange 
on route
Other principle locations
South Midlands Local Routes SM
BANBURY
OXFORD
DIDCOT PARKWAY READING
STRATFORD UPON 
AVON
WARWICK
LEAMINGTON SPA
BIRMINGHAM
COVENTRY
RUGBY
NORTHAMPTON
Key to Maps
Routeing Point on Route
Routeing Point Group 
Station on Route 
Non Routeing Point Interchange 
on route
Other principle locations
NUNEATON
South West England to South Coast SS
TAUNTON
PORTSMOUTH
HAVANT
SALISBURY
EXETER
PLYMOUTH
WESTBURY
EASTLEIGH
Romsey
CASTLE CARY
SOUTHAMPTON
Key to Maps
Routeing Point on Route
Routeing Point Group 
Station on Route 
Non Routeing Point Interchange 
on route
Other principle locations
ST
LONDON LIVERPOOL STREET
HACKNEY
TOTTENHAM HALE
STANSTED
London to Stansted Airport
Edmonton Green
STRATFORD
Key to Maps
Routeing Point on Route
Routeing Point Group 
Station on Route 
Non Routeing Point Interchange 
on route
Other principle locations
SV
BROMLEY SOUTH
NEW CROSS
TONBRIDGE
HITHER GREEN
Local South Eastern routes via 
Sevenoaks
LONDON
SEVENOAKS
GROVE PARK
SLADE GREEN
DARTFORD
LEWISHAM
SWANLEY
Key to Maps
Routeing Point on Route
Routeing Point Group 
Station on Route 
Non Routeing Point Interchange 
on route
Other principle locations
EXETER
PLYMOUTH
TAUNTON
BRISTOL
GLOUCESTER
SWSouth West England to Swindon and Oxford
READING
SWINDON
CHIPPENHAM
OXFORD
CASTLE 
CARY
BATH 
SPA
WESTBURY
DIDCOT 
PARKWAY
MelkshamWeston 
super Mare
Bridgwater
Avoncliff
CHELTENHAM SPAKey to Maps
Routeing Point on Route
Routeing Point Group 
Station on Route 
Non Routeing Point Interchange 
on route
Other principle locations
SYLondon to South Yorkshire
PONTEFRACT
WAKEFIELD
HALIFAX
LEEDS
HUDDERSFIELD DONCASTER
SHEFFIELD
CHESTERFIELD
NOTTINGHAM
LOUGHBOROUGH
LEICESTER
KETTERING
BEDFORD
WEST HAMPSTEAD
LONDON ST PANCRAS
DERBY
BRADFORD
MELTON MOWBRAY
OAKHAM
BARNSLEY
MEADOWHALL
HELLIFIELD
YORK
SELBY
SCARBOROUGH
SWINTON
Key to Maps
Routeing Point on Route
Routeing Point Group 
Station on Route 
Non Routeing Point Interchange 
on route
Other principle locations
RUGBY
STOKE ON TRENT
LICHFIELD
TAMWORTH
COVENTRY
NUNEATON
RUGELEY
STAFFORD
TLTrent Valley local services
DERBY
NORTHAMPTON
BIRMINGHAM
Key to Maps
Routeing Point on Route
Routeing Point Group 
Station on Route 
Non Routeing Point Interchange 
on route
Other principle locations
TPTranspennine routes
BLACKBURN HULLHALIFAXPRESTON LEEDS
YORK
DARLINGTON
NEWCASTLE
MIDDLESBROUGH
SCARBOROUGH
SELBYBRADFORD
HUDDERSFIELD
STALYBRIDGE
MANCHESTER
WARRINGTON
LIVERPOOL
STOCKPORT
BOLTON
EARLESTOWN
PONTEFRACTWAKEFIELD
GOOLE
BARNSLEY
WILMSLOW
CREWE
HUNTS 
CROSS
HUYTON
HOOTON
Key to Maps
Routeing Point on Route
Routeing Point Group 
Station on Route 
Non Routeing Point Interchange 
on route
Other principle locations
Dagenham 
Dock
SOUTHEND
WILLESDEN
JUNCTION
LONDON
FENCHURCH
STREET
LONDON
LIVERPOOL
STREET STRATFORD
Gospel Oak
Upminster
Emerson Park
Grays Tilbury 
Town
Stanford 
le Hope
Pitsea
Ockendon
Limehouse
TS
WALTHAMSTOW
TOTTENHAM HALE
Laindon Basildon
PurfleetRainham
North & West London to South Essex
BARKING
ROMFORD
WEST HAMPSTEAD
HIGHBURY &
ISLINGTON
HACKNEY
WEST 
HAM
Key to Maps
Routeing Point on Route
Routeing Point Group 
Station on Route 
Non Routeing Point Interchange 
on route
Other principle locations
TVLondon to Crewe and Manchester via 
the Trent Valley
LONDON 
EUSTONCLAPHAM JUNCTION
WILLESDEN 
JUNCTIONKENSINGTON 
OLYMPIA
WATFORD 
JUNCTION
BLETCHLEY BEDFORD
RUGBY
NUNEATON
TAMWORTH
RUGELEY
LICHFIELD
STAFFORD
COVENTRY
BIRMINGHAM
STOKE ON TRENT
STOCKPORT
CREWE
MANCHESTER
WALSALL
NORTHAMPTON
DERBY
SMETHWICK
WOLVERHAMPTON
BOLTON
WARRINGTON
EARLESTOWN
WILMSLOW
STALYBRIDGE
Key to Maps
Routeing Point on Route
Routeing Point Group 
Station on Route 
Non Routeing Point Interchange 
on route
Other principle locations
TWLocal Routes London to Twickenham
RICHMOND BARNES CLAPHAM 
JUNCTION
Brentford
FELTHAM
HOUNSLOW
LONDON
WATERLOO
TWICKENHAM
Key to Maps
Routeing Point on Route
Routeing Point Group 
Station on Route 
Non Routeing Point Interchange 
on route
Other principle locations
VCVictoria to Chatham via 
Bromley South and Swanley
HERNE 
HILL
BECKENHAM 
JUNCTION
PECKHAM RYE
VICTORIA
BROMLEY 
SOUTH
Catford
Brixton
SWANLEY
CHATHAM
DENMARK HILL
Key to Maps
Routeing Point on Route
Routeing Point Group 
Station on Route 
Non Routeing Point Interchange 
on route
Other principle locations
RAMSGATE
FAVERSHAM
WALondon to East Hertfordshire and West Anglia
ELY
CAMBRIDGE
STEVENAGE
HACKNEY
FINSBURY PARK
HIGHBURY & 
ISLINGTON
KINGS CROSS MOORGATE LIVERPOOL 
STREET
Waterbeach
Shelford
Whittlesford
Audley End
Bishops Stortford
Roydon
Hertford 
East
Hertford 
North
Enfield 
Town
Enfield 
Chase
Edmonton Green
Bethnal Green
TOTTENHAM HALE
Knebworth
Welwyn Garden 
City
Hatfield
Potters Bar
Alexandra Palace
STRATFORD
WALTHAMSTOW
WEST HAM
Ware
Bush Hill 
Park
STANSTED
BROXBOURNE
HITCHIN
Key to Maps
Routeing Point on Route
Routeing Point Group 
Station on Route 
Non Routeing Point Interchange 
on route
Other principle locations
SURBITON
KINGSTON
WIMBLEDON
CLAPHAM 
JUNCTION
LONDON 
WATERLOO
RICHMOND
STAINES
WOKINGFARNBOROUGH
ASH VALE
BASINGSTOKE
SALISBURY
WESTBURY
BATH SPA
BRISTOL
NEWPORT
CARDIFF
WCLondon Waterloo to Cardiff and South Wales 
via Salisbury and Bristol
BRIDGEND
FELTHAM TWICKENHAM
SWANSEA
PONTYPRIDD
CASTLE 
CARY
Key to Maps
Routeing Point on Route
Routeing Point Group 
Station on Route 
Non Routeing Point Interchange 
on route
Other principle locations
WELondon to the West of England
WEYMOUTH
EXETER
PLYMOUTH
WESTBURY
READING
LONDON 
PADDINGTON
CASTLE CARY
Newbury
SLOUGH
TAUNTON
Yetminster
HAYES & 
HARLINGTON
Key to Maps
Routeing Point on Route
Routeing Point Group 
Station on Route 
Non Routeing Point Interchange 
on route
Other principle locations
CARLISLE
PRESTON
WIGAN
WARRINGTON
LANCASTER
Warrington to Glasgow and
Edinburgh WG
EARLESTOWN
CARSTAIRS
GLASGOW
NEWTON
MOTHERWELL
EDINBURGH
LIVERPOOL
BLACKBURN
Workington
PAISLEY 
GILMOUR 
STREET
KILMARNOCK
HUNTS 
CROSS
HUYTON
Key to Maps
Routeing Point on Route
Routeing Point Group 
Station on Route 
Non Routeing Point Interchange 
on route
Other principle locations
WKLocal routes round Wakefield
WAKEFIELD
SHEFFIELD
HULL
BARNETBY
DONCASTER
CHESTERFIELD
BARNSLEY
GOOLE
PONTEFRACT
BRADFORD
HALIFAX
HUDDERSFIELD
Brighouse
SWINTON
STALYBRIDGE
MEADOWHALL
Key to Maps
Routeing Point on Route
Routeing Point Group 
Station on Route 
Non Routeing Point Interchange 
on route
Other principle locations
WLSouth Wales and West to Liverpool
BRISTOL
CARDIFF
SWANSEA
NEWPORT
CHIPPENHAM
BATH
SWINDON
WESTBURY
SALISBURY
SOUTHAMPTON
PORTSMOUTH
WEYMOUTH
CASTLE 
CARY
EXETER
PLYMOUTH
CREWE
SHREWSBURY
CRAVEN ARMS
HEREFORD
LIVERPOOL
CHESTER
MACHYNLLETH
SHOTTON
WREXHAM
TAUNTON
Romsey Chandlers 
Ford
EASTLEIGH
EARLESTOWN
WARRINGTON
BRIDGEND
HUYTON
HOOTON
RUNCORN
HUNTS 
CROSS
STAFFORD
PONTYPRIDD
Key to Maps
Routeing Point on Route
Routeing Point Group 
Station on Route 
Non Routeing Point Interchange 
on route
Other principle locations
WMWest Midlands 
local routes
BLETCHLEY
RUGBY
NUNEATON
BIRMINGHAM
SMETHWICK
SHREWSBURY
STAFFORD
RUGELEY
WALSALL
LICHFIELD
TAMWORTH
NORTHAMPTON
LEAMINGTON 
SPA
WORCESTER
HEREFORD
BARNT 
GREEN
Perry 
Barr
WOLVERHAMPTON
COVENTRY
TYSELEY
WARWICKSTRATFORD 
UPON AVON
Key to Maps
Routeing Point on Route
Routeing Point Group 
Station on Route 
Non Routeing Point Interchange 
on route
Other principle locations
WRLondon to the South West and South Wales
SWINDON
READING
SLOUGH
PADDINGTONCHIPPENHAMBATH
SPA
BRISTOL
NEWPORT
CARDIFF
HEREFORD
GLOUCESTER
WORCESTER
Weston 
super Mare
TAUNTON
EXETER
PLYMOUTH
STAINES
GREENFORD
Windsor
Kensington
Olympia
CLAPHAM
JUNCTION
DIDCOT
PARKWAY
WATERLOO
BRIDGEND
HAYES & 
HARLINGTON
PONTYPRIDD
CHELTENHAM SPA
Key to Maps
Routeing Point on Route
Routeing Point Group 
Station on Route 
Non Routeing Point Interchange 
on route
Other principle locations
WSLondon Marylebone to 
Wrexham
WOLVERHAMPTON
COVENTRY
WEST RUISLIP
BANBURY
LONDON 
MARYLEBONE
SHREWSBURY
WREXHAM
BIRMINGHAM 
NEW STREET
WALSALL
CHESTERSHOTTON
SMETHWICK
STRATFORD 
UPON AVON
WARWICK
TYSELEY
Key to Maps
Routeing Point on Route
Routeing Point Group 
Station on Route 
Non Routeing Point Interchange 
on route
Other principle locations
ASCOT
STAINES
RICHMOND
WOKING
WATERLOO
Weybridge
SURBITON WIMBLEDON
CLAPHAM 
JUNCTION
Chertsey
Virginia 
Water
WVReading to London via Surbiton
WOKINGHAM
TWICKENHAM
FELTHAM
HOUNSLOW
Key to Maps
Routeing Point on Route
Routeing Point Group 
Station on Route 
Non Routeing Point Interchange 
on route
Other principle locations
Aldershot
Camberley
EASTLEIGH
Hedge End
Weybridge
Chertsey
SURBITON
KINGSTON
WIMBLEDON
CLAPHAM 
JUNCTION
LONDON 
WATERLOO
RICHMONDSTAINES
WOKING
FARNBOROUGH
ASH VALE
GUILDFORD
ASCOT
READING
BASINGSTOKE
PORTSMOUTH
SOUTHAMPTON
WEYMOUTH
SALISBURY
WESTBURY
BATH SPA
BRISTOL
NEWPORT
CARDIFF
WW
Brookwood
South Wales, Portsmouth & Weymouth to London
WOKINGHAMBRIDGEND
FELTHAM
TWICKENHAM
Key to Maps
Routeing Point on Route
Routeing Point Group 
Station on Route 
Non Routeing Point Interchange 
on route
Other principle locations
WX
LONDON 
VICTORIA
LONDON 
WATERLOO
RICHMOND
CLAPHAM 
JUNCTION
WIMBLEDONSURBITON
WOKING
GUILDFORD
FARNBOROUGH
BASINGSTOKE
STAINES
ASCOTREADING
SALISBURY
SOUTHAMPTON
WEYMOUTH
WESTBURY
BATH SPA
CARDIFF NEWPORT
Worplesdon
KINGSTON
BRISTOL
London and the Southern Home Counties to 
the South West and South East Wales
WOKINGHAM
EASTLEIGH
BRIDGEND
BARNES
HOUNSLOW
TWICKENHAM
FELTHAM
Key to Maps
Routeing Point on Route
Routeing Point Group 
Station on Route 
Non Routeing Point Interchange 
on route
Other principle locations
WYLocal routes in West Yorkshire
BRADFORD
HALIFAX
GOOLE
PONTEFRACT
LEEDS
HUDDERSFIELD
SELBY
WAKEFIELD
HELLIFIELD
HULL
Shipley
BARNSLEY
STALYBRIDGE
Key to Maps
Routeing Point on Route
Routeing Point Group 
Station on Route 
Non Routeing Point Interchange 
on route
Other principle locations
XADerby, Nottingham and South Yorkshire
GOOLE
DONCASTER
LINCOLN
Key to Maps
Routeing Point on Route
Routeing Point Group 
Station on Route 
Non Routeing Point Interchange 
on route
Other principle locations
South & East Yorkshire Local Services YL
SELBY
GOOLE HULL
BARNETBY
DONCASTER
SWINTON
PONTEFRACT
MEADOWHALL
SHEFFIELD
LEEDS
WAKEFIELD
Scunthorpe
CHINLEY
Key to Maps
Routeing Point on Route
Routeing Point Group 
Station on Route 
Non Routeing Point Interchange 
on route
Other principle locations
ZZ Sleeper trains
WATFORD 
JUNCTION
CREWE
PRESTON
CARLISLE
CARSTAIRS
EDINBURGH
DUNDEE
ABERDEEN
GLASGOW
To Fort William
The Fort William sleeper runs from Edinburgh 
through Springbank and Ashfield to Fort 
William. It does not go into Glasgow Queen 
Street. Springbank and Ashfield are members 
of the Glasgow Group Routeing Point.
Doubling back because of the train running 
pattern is permitted. Published easements 
describe these extended permissions.
INVERNESS
PERTH
STIRLING
MOTHERWELL
NEWTON
LONDON
For operating convenience sleeper trains sometimes use lines not on this map, but the timetabled service stops at these 
stations (except Newton). Variations from routes shown here are permitted routes for sleeper trains only.
Aviemore
INVERKEITHING
KIRKCALDY
To Penzance
PLYMOUTH EXETER
READING
Newton 
Abbot
PAISLEY 
GILMOUR 
STREET
TAUNTON
Key to Maps
Routeing Point on Route
Routeing Point Group 
Station on Route 
Non Routeing Point Interchange 
on route
Other principle locations
